".row_id","row_id","Width","Height","Aspect_Ratio","IsAds"
4,3,60,468,7.8,"ads"
5,4,60,468,7.8,"ads"
6,5,60,468,7.8,"ads"
8,7,60,234,3.9,"ads"
9,8,60,468,7.8,"ads"
10,9,60,468,7.8,"ads"
16,15,60,468,7.8,"ads"
17,16,60,468,7.8,"ads"
19,18,60,468,7.8,"ads"
28,27,60,468,7.8,"ads"
29,28,60,234,3.9,"ads"
30,29,60,234,3.9,"ads"
31,30,60,88,1.4666,"ads"
32,31,60,120,2,"ads"
34,33,60,468,7.8,"ads"
35,34,60,468,7.8,"ads"
36,35,60,468,7.8,"ads"
38,37,60,468,7.8,"ads"
39,38,60,468,7.8,"ads"
44,43,60,468,7.8,"ads"
46,45,60,468,7.8,"ads"
47,46,60,468,7.8,"ads"
48,47,60,468,7.8,"ads"
50,49,60,468,7.8,"ads"
51,50,60,468,7.8,"ads"
52,51,60,120,2,"ads"
53,52,60,468,7.8,"ads"
54,53,60,468,7.8,"ads"
55,54,60,468,7.8,"ads"
57,56,60,468,7.8,"ads"
59,58,60,468,7.8,"ads"
60,59,60,234,3.9,"ads"
61,60,60,234,3.9,"ads"
62,61,60,468,7.8,"ads"
67,66,60,468,7.8,"ads"
69,68,60,120,2,"ads"
74,73,60,468,7.8,"ads"
75,74,60,468,7.8,"ads"
76,75,60,468,7.8,"ads"
77,76,60,234,3.9,"ads"
79,78,60,468,7.8,"ads"
83,82,60,468,7.8,"ads"
88,87,60,468,7.8,"ads"
89,88,60,468,7.8,"ads"
90,89,60,468,7.8,"ads"
91,90,60,468,7.8,"ads"
92,91,60,468,7.8,"ads"
93,92,60,234,3.9,"ads"
94,93,60,234,3.9,"ads"
95,94,60,234,3.9,"ads"
96,95,60,234,3.9,"ads"
104,103,60,95,1.5833,"ads"
107,106,60,468,7.8,"ads"
108,107,60,468,7.8,"ads"
109,108,60,468,7.8,"ads"
110,109,60,468,7.8,"ads"
112,111,60,468,7.8,"ads"
113,112,60,468,7.8,"ads"
129,128,60,468,7.8,"ads"
130,129,60,468,7.8,"ads"
131,130,60,468,7.8,"ads"
132,131,60,468,7.8,"ads"
134,133,60,468,7.8,"ads"
136,135,60,468,7.8,"ads"
137,136,60,468,7.8,"ads"
138,137,60,468,7.8,"ads"
140,139,60,468,7.8,"ads"
143,142,60,468,7.8,"ads"
144,143,60,468,7.8,"ads"
145,144,60,468,7.8,"ads"
146,145,60,468,7.8,"ads"
147,146,60,468,7.8,"ads"
148,147,60,468,7.8,"ads"
150,149,60,468,7.8,"ads"
151,150,60,468,7.8,"ads"
152,151,60,468,7.8,"ads"
153,152,60,468,7.8,"ads"
154,153,60,468,7.8,"ads"
156,155,60,468,7.8,"ads"
162,161,60,468,7.8,"ads"
166,165,60,468,7.8,"ads"
167,166,60,468,7.8,"ads"
168,167,60,468,7.8,"ads"
170,169,60,468,7.8,"ads"
171,170,60,468,7.8,"ads"
172,171,60,468,7.8,"ads"
173,172,60,468,7.8,"ads"
174,173,60,468,7.8,"ads"
176,175,60,468,7.8,"ads"
177,176,60,468,7.8,"ads"
178,177,60,468,7.8,"ads"
179,178,60,468,7.8,"ads"
180,179,60,468,7.8,"ads"
181,180,60,468,7.8,"ads"
182,181,60,468,7.8,"ads"
184,183,60,468,7.8,"ads"
186,185,60,468,7.8,"ads"
187,186,60,234,3.9,"ads"
188,187,60,468,7.8,"ads"
192,191,60,468,7.8,"ads"
195,194,60,468,7.8,"ads"
196,195,60,468,7.8,"ads"
198,197,60,468,7.8,"ads"
199,198,60,468,7.8,"ads"
200,199,60,234,3.9,"ads"
201,200,60,468,7.8,"ads"
202,201,60,400,6.6666,"ads"
203,202,60,468,7.8,"ads"
205,204,60,468,7.8,"ads"
206,205,60,234,3.9,"ads"
207,206,60,234,3.9,"ads"
209,208,60,468,7.8,"ads"
211,210,60,468,7.8,"ads"
214,213,60,468,7.8,"ads"
215,214,60,468,7.8,"ads"
216,215,60,234,3.9,"ads"
217,216,60,468,7.8,"ads"
218,217,60,468,7.8,"ads"
223,222,60,468,7.8,"ads"
224,223,60,88,1.4666,"ads"
226,225,60,88,1.4666,"ads"
227,226,60,468,7.8,"ads"
228,227,60,88,1.4666,"ads"
229,228,60,468,7.8,"ads"
234,233,60,468,7.8,"ads"
240,239,60,468,7.8,"ads"
241,240,60,468,7.8,"ads"
242,241,60,468,7.8,"ads"
243,242,60,468,7.8,"ads"
245,244,60,468,7.8,"ads"
249,248,60,468,7.8,"ads"
250,249,60,468,7.8,"ads"
251,250,60,120,2,"ads"
252,251,60,120,2,"ads"
253,252,60,234,3.9,"ads"
254,253,60,468,7.8,"ads"
255,254,60,468,7.8,"ads"
256,255,60,120,2,"ads"
257,256,60,234,3.9,"ads"
258,257,60,468,7.8,"ads"
260,259,60,468,7.8,"ads"
265,264,60,468,7.8,"ads"
266,265,60,468,7.8,"ads"
267,266,60,468,7.8,"ads"
268,267,60,468,7.8,"ads"
273,272,60,234,3.9,"ads"
274,273,60,468,7.8,"ads"
275,274,60,468,7.8,"ads"
288,287,60,89,1.4833,"ads"
299,298,60,468,7.8,"ads"
300,299,60,468,7.8,"ads"
301,300,60,468,7.8,"ads"
302,301,60,468,7.8,"ads"
303,302,60,468,7.8,"ads"
304,303,60,468,7.8,"ads"
305,304,60,120,2,"ads"
306,305,60,120,2,"ads"
307,306,60,468,7.8,"ads"
308,307,60,120,2,"ads"
314,313,60,468,7.8,"ads"
315,314,60,468,7.8,"ads"
316,315,60,468,7.8,"ads"
317,316,60,468,7.8,"ads"
318,317,60,468,7.8,"ads"
319,318,60,468,7.8,"ads"
321,320,60,468,7.8,"ads"
322,321,60,468,7.8,"ads"
323,322,60,468,7.8,"ads"
324,323,60,43,0.7166,"ads"
325,324,60,468,7.8,"ads"
326,325,60,468,7.8,"ads"
327,326,60,468,7.8,"ads"
330,329,60,468,7.8,"ads"
333,332,60,468,7.8,"ads"
334,333,60,88,1.4666,"ads"
335,334,60,468,7.8,"ads"
340,339,60,468,7.8,"ads"
341,340,60,468,7.8,"ads"
342,341,60,468,7.8,"ads"
353,352,60,468,7.8,"ads"
355,354,60,468,7.8,"ads"
356,355,60,468,7.8,"ads"
357,356,60,468,7.8,"ads"
358,357,60,468,7.8,"ads"
359,358,60,468,7.8,"ads"
360,359,60,468,7.8,"ads"
361,360,60,468,7.8,"ads"
362,361,60,468,7.8,"ads"
368,367,60,468,7.8,"ads"
369,368,60,468,7.8,"ads"
371,370,60,468,7.8,"ads"
372,371,60,468,7.8,"ads"
374,373,60,468,7.8,"ads"
376,375,60,468,7.8,"ads"
377,376,60,468,7.8,"ads"
380,379,60,150,2.5,"ads"
382,381,60,468,7.8,"ads"
383,382,60,468,7.8,"ads"
384,383,60,468,7.8,"ads"
392,391,60,468,7.8,"ads"
401,400,60,468,7.8,"ads"
402,401,60,468,7.8,"ads"
405,404,60,468,7.8,"ads"
407,406,60,468,7.8,"ads"
408,407,60,468,7.8,"ads"
410,409,60,468,7.8,"ads"
418,417,60,468,7.8,"ads"
423,422,60,440,7.3333,"ads"
424,423,60,130,2.1666,"ads"
425,424,60,430,7.1666,"ads"
426,425,60,468,7.8,"ads"
428,427,60,468,7.8,"ads"
429,428,60,468,7.8,"ads"
432,431,60,468,7.8,"ads"
435,434,60,468,7.8,"ads"
437,436,60,468,7.8,"ads"
439,438,60,468,7.8,"ads"
442,441,60,280,4.6666,"ads"
446,445,60,150,2.5,"ads"
449,448,60,468,7.8,"ads"
453,452,60,468,7.8,"ads"
457,456,60,468,7.8,"ads"
459,458,60,468,7.8,"ads"
462,461,46,109,2.3695,"non-ads"
463,462,12,57,4.75,"non-ads"
464,463,95,150,1.5789,"non-ads"
467,466,30,130,4.3333,"non-ads"
468,467,35,36,1.0285,"non-ads"
469,468,80,92,1.15,"non-ads"
470,469,20,90,4.5,"non-ads"
471,470,41,239,5.8292,"non-ads"
472,471,96,218,2.2708,"non-ads"
473,472,16,16,1,"non-ads"
474,473,46,109,2.3695,"non-ads"
476,475,150,225,1.5,"non-ads"
477,476,159,209,1.3144,"non-ads"
478,477,20,90,4.5,"non-ads"
481,480,110,111,1.009,"non-ads"
482,481,161,220,1.3664,"non-ads"
485,484,16,16,1,"non-ads"
488,487,100,100,1,"non-ads"
490,489,11,96,8.7272,"non-ads"
491,490,50,50,1,"non-ads"
492,491,114,140,1.228,"non-ads"
493,492,50,58,1.16,"non-ads"
494,493,20,90,4.5,"non-ads"
496,495,60,234,3.9,"non-ads"
498,497,30,130,4.3333,"non-ads"
500,499,160,199,1.2437,"non-ads"
501,500,63,110,1.746,"non-ads"
502,501,134,184,1.3731,"non-ads"
504,503,135,106,0.7851,"non-ads"
505,504,40,50,1.25,"non-ads"
507,506,52,144,2.7692,"non-ads"
508,507,24,75,3.125,"non-ads"
509,508,31,88,2.8387,"non-ads"
510,509,30,130,4.3333,"non-ads"
511,510,95,64,0.6736,"non-ads"
513,512,62,88,1.4193,"non-ads"
514,513,106,183,1.7264,"non-ads"
516,515,20,116,5.8,"non-ads"
517,516,51,35,0.6862,"non-ads"
518,517,16,16,1,"non-ads"
519,518,39,120,3.0769,"non-ads"
520,519,30,130,4.3333,"non-ads"
521,520,55,58,1.0545,"non-ads"
523,522,40,46,1.15,"non-ads"
525,524,11,89,8.0909,"non-ads"
527,526,60,117,1.95,"non-ads"
528,527,51,35,0.6862,"non-ads"
529,528,52,144,2.7692,"non-ads"
532,531,30,130,4.3333,"non-ads"
533,532,90,120,1.3333,"non-ads"
534,533,115,205,1.7826,"non-ads"
535,534,50,93,1.86,"non-ads"
536,535,25,100,4,"non-ads"
539,538,75,200,2.6666,"non-ads"
540,539,50,45,0.9,"non-ads"
541,540,60,60,1,"non-ads"
542,541,12,101,8.4166,"non-ads"
545,544,46,109,2.3695,"non-ads"
546,545,32,32,1,"non-ads"
547,546,27,41,1.5185,"non-ads"
549,548,11,64,5.8181,"non-ads"
550,549,43,178,4.1395,"non-ads"
552,551,16,16,1,"non-ads"
553,552,48,264,5.5,"non-ads"
554,553,46,109,2.3695,"non-ads"
555,554,150,250,1.6666,"non-ads"
556,555,107,120,1.1214,"non-ads"
557,556,51,260,5.098,"non-ads"
558,557,71,95,1.338,"non-ads"
560,559,36,227,6.3055,"non-ads"
561,560,60,51,0.85,"non-ads"
564,563,30,130,4.3333,"non-ads"
566,565,60,60,1,"non-ads"
569,568,31,88,2.8387,"non-ads"
571,570,30,130,4.3333,"non-ads"
572,571,52,144,2.7692,"non-ads"
573,572,12,101,8.4166,"non-ads"
574,573,16,16,1,"non-ads"
576,575,75,95,1.2666,"non-ads"
578,577,25,100,4,"non-ads"
580,579,40,40,1,"non-ads"
582,581,40,130,3.25,"non-ads"
584,583,120,200,1.6666,"non-ads"
585,584,28,74,2.6428,"non-ads"
586,585,125,125,1,"non-ads"
587,586,23,26,1.1304,"non-ads"
589,588,31,88,2.8387,"non-ads"
591,590,52,144,2.7692,"non-ads"
595,594,11,64,5.8181,"non-ads"
596,595,60,140,2.3333,"non-ads"
598,597,41,239,5.8292,"non-ads"
600,599,100,100,1,"non-ads"
601,600,23,30,1.3043,"non-ads"
603,602,40,40,1,"non-ads"
604,603,125,125,1,"non-ads"
605,604,161,119,0.7391,"non-ads"
606,605,51,35,0.6862,"non-ads"
609,608,27,41,1.5185,"non-ads"
611,610,120,200,1.6666,"non-ads"
616,615,75,95,1.2666,"non-ads"
618,617,54,239,4.4259,"non-ads"
619,618,102,179,1.7549,"non-ads"
621,620,23,30,1.3043,"non-ads"
622,621,149,182,1.2214,"non-ads"
625,624,62,148,2.387,"non-ads"
626,625,40,46,1.15,"non-ads"
627,626,150,75,0.5,"non-ads"
628,627,46,100,2.1739,"non-ads"
629,628,46,109,2.3695,"non-ads"
630,629,125,125,1,"non-ads"
631,630,119,150,1.2605,"non-ads"
632,631,11,96,8.7272,"non-ads"
634,633,76,108,1.421,"non-ads"
635,634,79,150,1.8987,"non-ads"
637,636,158,108,0.6835,"non-ads"
638,637,154,231,1.5,"non-ads"
639,638,100,100,1,"non-ads"
640,639,51,35,0.6862,"non-ads"
642,641,46,100,2.1739,"non-ads"
644,643,153,186,1.2156,"non-ads"
645,644,46,184,4,"non-ads"
648,647,46,109,2.3695,"non-ads"
649,648,150,250,1.6666,"non-ads"
650,649,11,89,8.0909,"non-ads"
652,651,52,144,2.7692,"non-ads"
654,653,134,184,1.3731,"non-ads"
656,655,32,260,8.125,"non-ads"
657,656,23,30,1.3043,"non-ads"
658,657,40,40,1,"non-ads"
659,658,83,150,1.8072,"non-ads"
660,659,174,152,0.8735,"non-ads"
661,660,156,242,1.5512,"non-ads"
662,661,25,100,4,"non-ads"
665,664,46,100,2.1739,"non-ads"
666,665,128,200,1.5625,"non-ads"
667,666,14,30,2.1428,"non-ads"
669,668,20,92,4.6,"non-ads"
670,669,172,139,0.8081,"non-ads"
671,670,23,30,1.3043,"non-ads"
672,671,12,57,4.75,"non-ads"
673,672,27,218,8.074,"non-ads"
674,673,75,95,1.2666,"non-ads"
676,675,104,104,1,"non-ads"
678,677,40,40,1,"non-ads"
679,678,16,16,1,"non-ads"
681,680,146,141,0.9657,"non-ads"
682,681,65,110,1.6923,"non-ads"
683,682,90,64,0.7111,"non-ads"
684,683,154,125,0.8116,"non-ads"
686,685,11,94,8.5454,"non-ads"
687,686,50,45,0.9,"non-ads"
688,687,79,150,1.8987,"non-ads"
694,693,28,140,5,"non-ads"
698,697,11,96,8.7272,"non-ads"
700,699,11,89,8.0909,"non-ads"
701,700,98,156,1.5918,"non-ads"
703,702,28,150,5.3571,"non-ads"
704,703,23,30,1.3043,"non-ads"
705,704,26,163,6.2692,"non-ads"
707,706,144,124,0.8611,"non-ads"
709,708,175,148,0.8457,"non-ads"
711,710,20,92,4.6,"non-ads"
712,711,40,40,1,"non-ads"
713,712,23,30,1.3043,"non-ads"
714,713,11,94,8.5454,"non-ads"
715,714,116,200,1.7241,"non-ads"
716,715,79,150,1.8987,"non-ads"
717,716,145,148,1.0206,"non-ads"
718,717,150,200,1.3333,"non-ads"
719,718,20,10,0.5,"non-ads"
720,719,160,238,1.4875,"non-ads"
722,721,100,100,1,"non-ads"
723,722,12,102,8.5,"non-ads"
724,723,16,16,1,"non-ads"
725,724,46,100,2.1739,"non-ads"
728,727,12,101,8.4166,"non-ads"
729,728,98,198,2.0204,"non-ads"
733,732,60,120,2,"non-ads"
734,733,99,144,1.4545,"non-ads"
735,734,12,86,7.1666,"non-ads"
736,735,31,88,2.8387,"non-ads"
738,737,25,100,4,"non-ads"
739,738,12,102,8.5,"non-ads"
741,740,25,100,4,"non-ads"
742,741,60,150,2.5,"non-ads"
743,742,46,100,2.1739,"non-ads"
744,743,120,105,0.875,"non-ads"
747,746,40,230,5.75,"non-ads"
748,747,36,40,1.1111,"non-ads"
750,749,25,100,4,"non-ads"
752,751,93,150,1.6129,"non-ads"
753,752,16,16,1,"non-ads"
758,757,12,57,4.75,"non-ads"
760,759,185,122,0.6594,"non-ads"
761,760,50,50,1,"non-ads"
762,761,34,113,3.3235,"non-ads"
763,762,25,100,4,"non-ads"
764,763,31,88,2.8387,"non-ads"
765,764,16,16,1,"non-ads"
766,765,40,40,1,"non-ads"
767,766,12,86,7.1666,"non-ads"
768,767,25,124,4.96,"non-ads"
775,774,23,58,2.5217,"non-ads"
776,775,29,100,3.4482,"non-ads"
777,776,20,151,7.55,"non-ads"
778,777,102,179,1.7549,"non-ads"
781,780,16,16,1,"non-ads"
782,781,12,57,4.75,"non-ads"
784,783,140,172,1.2285,"non-ads"
786,785,21,133,6.3333,"non-ads"
788,787,16,16,1,"non-ads"
789,788,11,89,8.0909,"non-ads"
792,791,135,125,0.9259,"non-ads"
793,792,20,10,0.5,"non-ads"
794,793,102,179,1.7549,"non-ads"
795,794,142,198,1.3943,"non-ads"
796,795,12,98,8.1666,"non-ads"
799,798,12,101,8.4166,"non-ads"
800,799,11,96,8.7272,"non-ads"
801,800,142,198,1.3943,"non-ads"
802,801,20,92,4.6,"non-ads"
803,802,16,16,1,"non-ads"
804,803,54,100,1.8518,"non-ads"
807,806,23,127,5.5217,"non-ads"
808,807,22,150,6.8181,"non-ads"
810,809,20,92,4.6,"non-ads"
811,810,120,120,1,"non-ads"
814,813,20,134,6.7,"non-ads"
816,815,31,88,2.8387,"non-ads"
817,816,11,94,8.5454,"non-ads"
818,817,23,127,5.5217,"non-ads"
819,818,87,94,1.0804,"non-ads"
821,820,25,100,4,"non-ads"
824,823,142,198,1.3943,"non-ads"
825,824,20,10,0.5,"non-ads"
826,825,25,100,4,"non-ads"
827,826,23,26,1.1304,"non-ads"
831,830,134,184,1.3731,"non-ads"
832,831,120,120,1,"non-ads"
833,832,66,170,2.5757,"non-ads"
834,833,11,64,5.8181,"non-ads"
835,834,32,32,1,"non-ads"
838,837,154,231,1.5,"non-ads"
839,838,120,120,1,"non-ads"
845,844,108,120,1.1111,"non-ads"
850,849,44,110,2.5,"non-ads"
853,852,12,86,7.1666,"non-ads"
857,856,75,150,2,"non-ads"
860,859,51,209,4.098,"non-ads"
861,860,16,16,1,"non-ads"
862,861,12,101,8.4166,"non-ads"
863,862,25,100,4,"non-ads"
869,868,12,102,8.5,"non-ads"
870,869,21,112,5.3333,"non-ads"
872,871,15,15,1,"non-ads"
874,873,140,140,1,"non-ads"
875,874,115,159,1.3826,"non-ads"
876,875,50,200,4,"non-ads"
877,876,175,158,0.9028,"non-ads"
878,877,90,90,1,"non-ads"
879,878,12,102,8.5,"non-ads"
881,880,85,237,2.7882,"non-ads"
882,881,75,150,2,"non-ads"
883,882,132,200,1.5151,"non-ads"
884,883,120,120,1,"non-ads"
887,886,131,122,0.9312,"non-ads"
888,887,57,37,0.6491,"non-ads"
889,888,96,122,1.2708,"non-ads"
890,889,12,101,8.4166,"non-ads"
891,890,58,150,2.5862,"non-ads"
892,891,50,82,1.64,"non-ads"
893,892,76,146,1.921,"non-ads"
894,893,16,16,1,"non-ads"
895,894,78,101,1.2948,"non-ads"
897,896,90,90,1,"non-ads"
898,897,125,125,1,"non-ads"
900,899,12,101,8.4166,"non-ads"
901,900,90,109,1.2111,"non-ads"
902,901,33,224,6.7878,"non-ads"
905,904,23,26,1.1304,"non-ads"
908,907,149,182,1.2214,"non-ads"
909,908,31,88,2.8387,"non-ads"
910,909,16,16,1,"non-ads"
911,910,75,150,2,"non-ads"
912,911,120,120,1,"non-ads"
913,912,114,110,0.9649,"non-ads"
914,913,35,126,3.6,"non-ads"
916,915,32,32,1,"non-ads"
917,916,75,150,2,"non-ads"
918,917,50,50,1,"non-ads"
920,919,96,135,1.4062,"non-ads"
922,921,60,95,1.5833,"non-ads"
923,922,50,50,1,"non-ads"
924,923,75,150,2,"non-ads"
928,927,11,94,8.5454,"non-ads"
930,929,31,88,2.8387,"non-ads"
931,930,120,120,1,"non-ads"
933,932,35,126,3.6,"non-ads"
934,933,95,80,0.8421,"non-ads"
935,934,40,40,1,"non-ads"
936,935,108,203,1.8796,"non-ads"
937,936,11,96,8.7272,"non-ads"
939,938,25,25,1,"non-ads"
940,939,64,64,1,"non-ads"
941,940,35,126,3.6,"non-ads"
943,942,40,140,3.5,"non-ads"
944,943,11,89,8.0909,"non-ads"
945,944,140,140,1,"non-ads"
946,945,123,137,1.1138,"non-ads"
947,946,108,229,2.1203,"non-ads"
949,948,92,96,1.0434,"non-ads"
950,949,12,57,4.75,"non-ads"
951,950,31,88,2.8387,"non-ads"
954,953,96,135,1.4062,"non-ads"
955,954,54,90,1.6666,"non-ads"
956,955,146,141,0.9657,"non-ads"
958,957,90,90,1,"non-ads"
959,958,75,150,2,"non-ads"
960,959,65,95,1.4615,"non-ads"
961,960,16,16,1,"non-ads"
962,961,90,90,1,"non-ads"
963,962,75,234,3.12,"non-ads"
965,964,148,200,1.3513,"non-ads"
968,967,35,156,4.4571,"non-ads"
971,970,92,255,2.7717,"non-ads"
972,971,60,67,1.1166,"non-ads"
973,972,36,41,1.1388,"non-ads"
975,974,43,140,3.2558,"non-ads"
977,976,16,16,1,"non-ads"
979,978,70,50,0.7142,"non-ads"
980,979,100,160,1.6,"non-ads"
982,981,90,90,1,"non-ads"
984,983,43,140,3.2558,"non-ads"
985,984,35,126,3.6,"non-ads"
986,985,11,11,1,"non-ads"
987,986,11,94,8.5454,"non-ads"
989,988,40,46,1.15,"non-ads"
990,989,84,73,0.869,"non-ads"
993,992,133,120,0.9022,"non-ads"
995,994,11,11,1,"non-ads"
996,995,154,196,1.2727,"non-ads"
998,997,90,90,1,"non-ads"
999,998,41,239,5.8292,"non-ads"
1000,999,125,250,2,"non-ads"
1001,1000,31,88,2.8387,"non-ads"
1003,1002,152,116,0.7631,"non-ads"
1004,1003,20,92,4.6,"non-ads"
1007,1006,90,90,1,"non-ads"
1009,1008,11,11,1,"non-ads"
1011,1010,145,162,1.1172,"non-ads"
1012,1011,48,264,5.5,"non-ads"
1013,1012,11,64,5.8181,"non-ads"
1014,1013,11,11,1,"non-ads"
1015,1014,152,116,0.7631,"non-ads"
1016,1015,70,59,0.8428,"non-ads"
1017,1016,35,126,3.6,"non-ads"
1018,1017,40,40,1,"non-ads"
1019,1018,20,150,7.5,"non-ads"
1020,1019,21,21,1,"non-ads"
1021,1020,35,126,3.6,"non-ads"
1022,1021,131,196,1.4961,"non-ads"
1023,1022,40,46,1.15,"non-ads"
1024,1023,12,101,8.4166,"non-ads"
1028,1027,69,75,1.0869,"non-ads"
1030,1029,94,185,1.968,"non-ads"
1031,1030,40,46,1.15,"non-ads"
1032,1031,20,150,7.5,"non-ads"
1033,1032,82,77,0.939,"non-ads"
1034,1033,78,101,1.2948,"non-ads"
1036,1035,20,10,0.5,"non-ads"
1038,1037,12,101,8.4166,"non-ads"
1040,1039,40,46,1.15,"non-ads"
1044,1043,110,176,1.6,"non-ads"
1045,1044,90,127,1.4111,"non-ads"
1047,1046,23,26,1.1304,"non-ads"
1048,1047,48,48,1,"non-ads"
1050,1049,32,32,1,"non-ads"
1051,1050,11,64,5.8181,"non-ads"
1052,1051,49,67,1.3673,"non-ads"
1053,1052,50,50,1,"non-ads"
1055,1054,48,75,1.5625,"non-ads"
1056,1055,152,116,0.7631,"non-ads"
1058,1057,36,38,1.0555,"non-ads"
1059,1058,16,106,6.625,"non-ads"
1063,1062,80,200,2.5,"non-ads"
1064,1063,16,106,6.625,"non-ads"
1066,1065,75,59,0.7866,"non-ads"
1067,1066,90,90,1,"non-ads"
1068,1067,40,40,1,"non-ads"
1071,1070,28,140,5,"non-ads"
1072,1071,35,156,4.4571,"non-ads"
1073,1072,51,75,1.4705,"non-ads"
1074,1073,20,10,0.5,"non-ads"
1075,1074,15,15,1,"non-ads"
1076,1075,152,116,0.7631,"non-ads"
1077,1076,60,75,1.25,"non-ads"
1079,1078,100,100,1,"non-ads"
1080,1079,90,90,1,"non-ads"
1081,1080,23,30,1.3043,"non-ads"
1082,1081,120,100,0.8333,"non-ads"
1085,1084,30,36,1.2,"non-ads"
1086,1085,133,161,1.2105,"non-ads"
1087,1086,31,88,2.8387,"non-ads"
1088,1087,72,73,1.0138,"non-ads"
1090,1089,57,89,1.5614,"non-ads"
1092,1091,119,250,2.1008,"non-ads"
1093,1092,40,40,1,"non-ads"
1094,1093,21,100,4.7619,"non-ads"
1095,1094,87,102,1.1724,"non-ads"
1096,1095,78,101,1.2948,"non-ads"
1097,1096,85,66,0.7764,"non-ads"
1098,1097,20,84,4.2,"non-ads"
1099,1098,16,130,8.125,"non-ads"
1101,1100,45,63,1.4,"non-ads"
1103,1102,16,16,1,"non-ads"
1105,1104,64,158,2.4687,"non-ads"
1106,1105,62,128,2.0645,"non-ads"
1108,1107,40,40,1,"non-ads"
1109,1108,23,26,1.1304,"non-ads"
1111,1110,154,231,1.5,"non-ads"
1112,1111,29,60,2.0689,"non-ads"
1113,1112,40,40,1,"non-ads"
1114,1113,15,15,1,"non-ads"
1118,1117,100,102,1.02,"non-ads"
1119,1118,12,101,8.4166,"non-ads"
1121,1120,16,130,8.125,"non-ads"
1123,1122,115,150,1.3043,"non-ads"
1124,1123,31,88,2.8387,"non-ads"
1126,1125,16,120,7.5,"non-ads"
1129,1128,89,83,0.9325,"non-ads"
1131,1130,44,38,0.8636,"non-ads"
1133,1132,56,56,1,"non-ads"
1138,1137,71,61,0.8591,"non-ads"
1141,1140,51,161,3.1568,"non-ads"
1142,1141,62,128,2.0645,"non-ads"
1145,1144,71,71,1,"non-ads"
1146,1145,31,88,2.8387,"non-ads"
1147,1146,134,184,1.3731,"non-ads"
1149,1148,65,110,1.6923,"non-ads"
1151,1150,61,161,2.6393,"non-ads"
1155,1154,52,52,1,"non-ads"
1156,1155,65,110,1.6923,"non-ads"
1158,1157,31,88,2.8387,"non-ads"
1160,1159,12,101,8.4166,"non-ads"
1161,1160,27,41,1.5185,"non-ads"
1162,1161,115,212,1.8434,"non-ads"
1163,1162,11,89,8.0909,"non-ads"
1164,1163,51,161,3.1568,"non-ads"
1165,1164,16,106,6.625,"non-ads"
1167,1166,51,225,4.4117,"non-ads"
1168,1167,60,202,3.3666,"non-ads"
1169,1168,16,130,8.125,"non-ads"
1171,1170,125,125,1,"non-ads"
1172,1171,44,110,2.5,"non-ads"
1175,1174,51,161,3.1568,"non-ads"
1176,1175,74,74,1,"non-ads"
1177,1176,16,130,8.125,"non-ads"
1180,1179,72,72,1,"non-ads"
1181,1180,77,77,1,"non-ads"
1183,1182,16,130,8.125,"non-ads"
1187,1186,134,184,1.3731,"non-ads"
1189,1188,144,50,0.3472,"non-ads"
1192,1191,16,106,6.625,"non-ads"
1193,1192,44,110,2.5,"non-ads"
1196,1195,40,46,1.15,"non-ads"
1197,1196,12,57,4.75,"non-ads"
1198,1197,15,15,1,"non-ads"
1199,1198,154,231,1.5,"non-ads"
1201,1200,44,110,2.5,"non-ads"
1202,1201,149,182,1.2214,"non-ads"
1204,1203,44,110,2.5,"non-ads"
1211,1210,74,78,1.054,"non-ads"
1212,1211,31,88,2.8387,"non-ads"
1216,1215,100,149,1.49,"non-ads"
1217,1216,100,100,1,"non-ads"
1218,1217,16,16,1,"non-ads"
1223,1222,11,11,1,"non-ads"
1224,1223,32,32,1,"non-ads"
1226,1225,16,16,1,"non-ads"
1227,1226,60,120,2,"non-ads"
1228,1227,62,60,0.9677,"non-ads"
1230,1229,32,88,2.75,"non-ads"
1233,1232,149,182,1.2214,"non-ads"
1234,1233,84,87,1.0357,"non-ads"
1236,1235,113,204,1.8053,"non-ads"
1237,1236,16,130,8.125,"non-ads"
1239,1238,51,161,3.1568,"non-ads"
1240,1239,84,87,1.0357,"non-ads"
1241,1240,57,45,0.7894,"non-ads"
1242,1241,100,100,1,"non-ads"
1244,1243,63,60,0.9523,"non-ads"
1245,1244,15,15,1,"non-ads"
1246,1245,16,130,8.125,"non-ads"
1247,1246,31,88,2.8387,"non-ads"
1248,1247,34,44,1.2941,"non-ads"
1250,1249,26,133,5.1153,"non-ads"
1251,1250,65,55,0.8461,"non-ads"
1252,1251,16,16,1,"non-ads"
1253,1252,60,45,0.75,"non-ads"
1256,1255,140,140,1,"non-ads"
1259,1258,96,135,1.4062,"non-ads"
1260,1259,51,201,3.9411,"non-ads"
1263,1262,60,45,0.75,"non-ads"
1264,1263,16,130,8.125,"non-ads"
1266,1265,36,41,1.1388,"non-ads"
1270,1269,115,205,1.7826,"non-ads"
1275,1274,11,96,8.7272,"non-ads"
1280,1279,44,110,2.5,"non-ads"
1281,1280,11,11,1,"non-ads"
1283,1282,16,16,1,"non-ads"
1285,1284,11,11,1,"non-ads"
1286,1285,15,15,1,"non-ads"
1288,1287,135,165,1.2222,"non-ads"
1291,1290,84,88,1.0476,"non-ads"
1292,1291,16,130,8.125,"non-ads"
1295,1294,31,88,2.8387,"non-ads"
1296,1295,44,110,2.5,"non-ads"
1298,1297,12,101,8.4166,"non-ads"
1299,1298,44,110,2.5,"non-ads"
1300,1299,46,140,3.0434,"non-ads"
1301,1300,120,120,1,"non-ads"
1304,1303,65,145,2.2307,"non-ads"
1305,1304,15,15,1,"non-ads"
1306,1305,11,11,1,"non-ads"
1307,1306,108,179,1.6574,"non-ads"
1308,1307,16,16,1,"non-ads"
1311,1310,84,135,1.6071,"non-ads"
1312,1311,43,126,2.9302,"non-ads"
1313,1312,36,140,3.8888,"non-ads"
1314,1313,56,128,2.2857,"non-ads"
1315,1314,43,126,2.9302,"non-ads"
1319,1318,15,15,1,"non-ads"
1320,1319,12,102,8.5,"non-ads"
1321,1320,43,125,2.9069,"non-ads"
1322,1321,16,16,1,"non-ads"
1325,1324,44,110,2.5,"non-ads"
1327,1326,43,211,4.9069,"non-ads"
1329,1328,62,88,1.4193,"non-ads"
1331,1330,51,76,1.4901,"non-ads"
1332,1331,44,110,2.5,"non-ads"
1334,1333,35,54,1.5428,"non-ads"
1336,1335,110,210,1.909,"non-ads"
1337,1336,114,110,0.9649,"non-ads"
1339,1338,12,57,4.75,"non-ads"
1340,1339,27,119,4.4074,"non-ads"
1341,1340,36,140,3.8888,"non-ads"
1342,1341,63,202,3.2063,"non-ads"
1344,1343,26,133,5.1153,"non-ads"
1345,1344,16,16,1,"non-ads"
1347,1346,70,105,1.5,"non-ads"
1348,1347,16,130,8.125,"non-ads"
1349,1348,12,102,8.5,"non-ads"
1350,1349,44,48,1.0909,"non-ads"
1351,1350,11,11,1,"non-ads"
1355,1354,104,135,1.298,"non-ads"
1356,1355,60,140,2.3333,"non-ads"
1358,1357,11,11,1,"non-ads"
1359,1358,59,94,1.5932,"non-ads"
1360,1359,44,46,1.0454,"non-ads"
1361,1360,86,54,0.6279,"non-ads"
1362,1361,75,95,1.2666,"non-ads"
1364,1363,108,151,1.3981,"non-ads"
1365,1364,35,54,1.5428,"non-ads"
1366,1365,75,55,0.7333,"non-ads"
1367,1366,12,101,8.4166,"non-ads"
1371,1370,36,140,3.8888,"non-ads"
1373,1372,90,90,1,"non-ads"
1374,1373,16,16,1,"non-ads"
1375,1374,75,229,3.0533,"non-ads"
1377,1376,36,140,3.8888,"non-ads"
1378,1377,22,200,9.0909,"non-ads"
1379,1378,107,135,1.2616,"non-ads"
1380,1379,25,80,3.2,"non-ads"
1381,1380,31,88,2.8387,"non-ads"
1382,1381,11,11,1,"non-ads"
1383,1382,90,90,1,"non-ads"
1384,1383,16,16,1,"non-ads"
1385,1384,44,140,3.1818,"non-ads"
1386,1385,110,210,1.909,"non-ads"
1387,1386,35,54,1.5428,"non-ads"
1388,1387,75,71,0.9466,"non-ads"
1389,1388,60,140,2.3333,"non-ads"
1391,1390,63,75,1.1904,"non-ads"
1392,1391,13,89,6.8461,"non-ads"
1394,1393,31,88,2.8387,"non-ads"
1396,1395,35,54,1.5428,"non-ads"
1397,1396,11,89,8.0909,"non-ads"
1399,1398,25,133,5.32,"non-ads"
1400,1399,49,96,1.9591,"non-ads"
1402,1401,146,114,0.7808,"non-ads"
1404,1403,99,103,1.0404,"non-ads"
1405,1404,12,57,4.75,"non-ads"
1406,1405,60,140,2.3333,"non-ads"
1409,1408,11,11,1,"non-ads"
1410,1409,100,78,0.78,"non-ads"
1411,1410,16,16,1,"non-ads"
1413,1412,110,210,1.909,"non-ads"
1414,1413,80,85,1.0625,"non-ads"
1415,1414,33,159,4.8181,"non-ads"
1416,1415,11,96,8.7272,"non-ads"
1418,1417,45,48,1.0666,"non-ads"
1420,1419,36,140,3.8888,"non-ads"
1421,1420,75,73,0.9733,"non-ads"
1422,1421,90,73,0.8111,"non-ads"
1423,1422,57,50,0.8771,"non-ads"
1425,1424,93,135,1.4516,"non-ads"
1426,1425,70,70,1,"non-ads"
1427,1426,13,89,6.8461,"non-ads"
1428,1427,118,79,0.6694,"non-ads"
1429,1428,11,11,1,"non-ads"
1430,1429,12,98,8.1666,"non-ads"
1431,1430,43,46,1.0697,"non-ads"
1432,1431,63,202,3.2063,"non-ads"
1433,1432,54,100,1.8518,"non-ads"
1435,1434,60,140,2.3333,"non-ads"
1436,1435,99,101,1.0202,"non-ads"
1437,1436,18,24,1.3333,"non-ads"
1439,1438,45,47,1.0444,"non-ads"
1441,1440,80,89,1.1125,"non-ads"
1443,1442,132,100,0.7575,"non-ads"
1445,1444,39,38,0.9743,"non-ads"
1446,1445,26,133,5.1153,"non-ads"
1447,1446,110,210,1.909,"non-ads"
1448,1447,70,50,0.7142,"non-ads"
1449,1448,12,102,8.5,"non-ads"
1450,1449,16,16,1,"non-ads"
1451,1450,165,140,0.8484,"non-ads"
1452,1451,12,101,8.4166,"non-ads"
1453,1452,70,75,1.0714,"non-ads"
1454,1453,63,202,3.2063,"non-ads"
1455,1454,47,50,1.0638,"non-ads"
1457,1456,60,140,2.3333,"non-ads"
1459,1458,13,89,6.8461,"non-ads"
1463,1462,63,202,3.2063,"non-ads"
1464,1463,85,85,1,"non-ads"
1465,1464,80,83,1.0375,"non-ads"
1467,1466,20,96,4.8,"non-ads"
1468,1467,35,54,1.5428,"non-ads"
1469,1468,63,202,3.2063,"non-ads"
1470,1469,12,98,8.1666,"non-ads"
1471,1470,16,140,8.75,"non-ads"
1472,1471,40,48,1.2,"non-ads"
1473,1472,23,26,1.1304,"non-ads"
1474,1473,60,140,2.3333,"non-ads"
1475,1474,80,41,0.5125,"non-ads"
1477,1476,35,54,1.5428,"non-ads"
1478,1477,16,16,1,"non-ads"
1480,1479,12,101,8.4166,"non-ads"
1483,1482,41,67,1.6341,"non-ads"
1485,1484,110,210,1.909,"non-ads"
1486,1485,36,140,3.8888,"non-ads"
1489,1488,59,94,1.5932,"non-ads"
1490,1489,13,89,6.8461,"non-ads"
1493,1492,100,176,1.76,"non-ads"
1494,1493,44,47,1.0681,"non-ads"
1495,1494,31,88,2.8387,"non-ads"
1496,1495,12,86,7.1666,"non-ads"
1497,1496,60,140,2.3333,"non-ads"
1498,1497,11,94,8.5454,"non-ads"
1499,1498,16,140,8.75,"non-ads"
1500,1499,23,26,1.1304,"non-ads"
1501,1500,37,94,2.5405,"non-ads"
1503,1502,11,11,1,"non-ads"
1504,1503,32,259,8.0937,"non-ads"
1506,1505,95,174,1.8315,"non-ads"
1507,1506,11,64,5.8181,"non-ads"
1511,1510,107,135,1.2616,"non-ads"
1512,1511,60,75,1.25,"non-ads"
1513,1512,18,24,1.3333,"non-ads"
1514,1513,37,216,5.8378,"non-ads"
1516,1515,24,32,1.3333,"non-ads"
1520,1519,75,57,0.76,"non-ads"
1521,1520,12,101,8.4166,"non-ads"
1523,1522,100,160,1.6,"non-ads"
1524,1523,82,192,2.3414,"non-ads"
1525,1524,80,85,1.0625,"non-ads"
1527,1526,11,89,8.0909,"non-ads"
1528,1527,48,264,5.5,"non-ads"
1529,1528,31,88,2.8387,"non-ads"
1530,1529,36,140,3.8888,"non-ads"
1531,1530,11,94,8.5454,"non-ads"
1532,1531,22,38,1.7272,"non-ads"
1534,1533,12,57,4.75,"non-ads"
1536,1535,16,16,1,"non-ads"
1538,1537,75,95,1.2666,"non-ads"
1540,1539,45,44,0.9777,"non-ads"
1542,1541,31,88,2.8387,"non-ads"
1543,1542,75,71,0.9466,"non-ads"
1548,1547,45,44,0.9777,"non-ads"
1549,1548,24,32,1.3333,"non-ads"
1553,1552,31,88,2.8387,"non-ads"
1554,1553,70,15,0.2142,"non-ads"
1555,1554,15,15,1,"non-ads"
1556,1555,45,201,4.4666,"non-ads"
1557,1556,13,89,6.8461,"non-ads"
1562,1561,12,57,4.75,"non-ads"
1563,1562,45,216,4.8,"non-ads"
1564,1563,60,140,2.3333,"non-ads"
1565,1564,18,24,1.3333,"non-ads"
1566,1565,18,20,1.1111,"non-ads"
1569,1568,11,96,8.7272,"non-ads"
1570,1569,23,127,5.5217,"non-ads"
1574,1573,110,110,1,"non-ads"
1575,1574,50,75,1.5,"non-ads"
1578,1577,51,161,3.1568,"non-ads"
1581,1580,11,96,8.7272,"non-ads"
1582,1581,16,16,1,"non-ads"
1583,1582,11,89,8.0909,"non-ads"
1584,1583,165,140,0.8484,"non-ads"
1586,1585,75,67,0.8933,"non-ads"
1587,1586,80,83,1.0375,"non-ads"
1588,1587,35,75,2.1428,"non-ads"
1590,1589,57,85,1.4912,"non-ads"
1591,1590,51,161,3.1568,"non-ads"
1593,1592,16,16,1,"non-ads"
1595,1594,46,75,1.6304,"non-ads"
1596,1595,31,88,2.8387,"non-ads"
1597,1596,165,140,0.8484,"non-ads"
1598,1597,35,62,1.7714,"non-ads"
1599,1598,51,161,3.1568,"non-ads"
1600,1599,23,127,5.5217,"non-ads"
1602,1601,50,50,1,"non-ads"
1603,1602,52,15,0.2884,"non-ads"
1604,1603,120,166,1.3833,"non-ads"
1605,1604,16,16,1,"non-ads"
1606,1605,11,64,5.8181,"non-ads"
1609,1608,15,107,7.1333,"non-ads"
1613,1612,11,89,8.0909,"non-ads"
1614,1613,31,88,2.8387,"non-ads"
1615,1614,48,264,5.5,"non-ads"
1616,1615,11,94,8.5454,"non-ads"
1619,1618,46,96,2.0869,"non-ads"
1620,1619,51,161,3.1568,"non-ads"
1623,1622,70,50,0.7142,"non-ads"
1625,1624,12,85,7.0833,"non-ads"
1628,1627,43,108,2.5116,"non-ads"
1630,1629,63,150,2.3809,"non-ads"
1631,1630,12,86,7.1666,"non-ads"
1632,1631,16,130,8.125,"non-ads"
1633,1632,11,96,8.7272,"non-ads"
1635,1634,110,140,1.2727,"non-ads"
1636,1635,40,102,2.55,"non-ads"
1637,1636,16,16,1,"non-ads"
1639,1638,41,119,2.9024,"non-ads"
1640,1639,12,102,8.5,"non-ads"
1644,1643,77,77,1,"non-ads"
1646,1645,100,178,1.78,"non-ads"
1651,1650,23,127,5.5217,"non-ads"
1654,1653,16,20,1.25,"non-ads"
1655,1654,43,126,2.9302,"non-ads"
1656,1655,45,216,4.8,"non-ads"
1657,1656,75,66,0.88,"non-ads"
1658,1657,81,85,1.0493,"non-ads"
1659,1658,12,89,7.4166,"non-ads"
1660,1659,96,175,1.8229,"non-ads"
1662,1661,40,40,1,"non-ads"
1663,1662,12,101,8.4166,"non-ads"
1664,1663,40,70,1.75,"non-ads"
1665,1664,45,216,4.8,"non-ads"
1666,1665,24,24,1,"non-ads"
1669,1668,98,162,1.653,"non-ads"
1671,1670,16,130,8.125,"non-ads"
1673,1672,15,80,5.3333,"non-ads"
1675,1674,110,90,0.8181,"non-ads"
1676,1675,102,179,1.7549,"non-ads"
1677,1676,149,182,1.2214,"non-ads"
1679,1678,16,130,8.125,"non-ads"
1683,1682,29,160,5.5172,"non-ads"
1684,1683,15,80,5.3333,"non-ads"
1685,1684,138,139,1.0072,"non-ads"
1686,1685,31,88,2.8387,"non-ads"
1687,1686,40,70,1.75,"non-ads"
1688,1687,47,120,2.5531,"non-ads"
1690,1689,51,161,3.1568,"non-ads"
1692,1691,45,240,5.3333,"non-ads"
1695,1694,15,80,5.3333,"non-ads"
1696,1695,31,88,2.8387,"non-ads"
1699,1698,75,97,1.2933,"non-ads"
1700,1699,23,127,5.5217,"non-ads"
1701,1700,165,140,0.8484,"non-ads"
1702,1701,70,15,0.2142,"non-ads"
1703,1702,12,98,8.1666,"non-ads"
1704,1703,16,16,1,"non-ads"
1706,1705,24,24,1,"non-ads"
1710,1709,16,16,1,"non-ads"
1713,1712,102,179,1.7549,"non-ads"
1714,1713,35,187,5.3428,"non-ads"
1715,1714,24,24,1,"non-ads"
1716,1715,50,50,1,"non-ads"
1723,1722,31,88,2.8387,"non-ads"
1724,1723,51,161,3.1568,"non-ads"
1725,1724,40,61,1.525,"non-ads"
1726,1725,11,96,8.7272,"non-ads"
1728,1727,51,161,3.1568,"non-ads"
1730,1729,90,128,1.4222,"non-ads"
1731,1730,11,94,8.5454,"non-ads"
1733,1732,41,61,1.4878,"non-ads"
1736,1735,15,80,5.3333,"non-ads"
1738,1737,11,94,8.5454,"non-ads"
1739,1738,24,24,1,"non-ads"
1740,1739,40,86,2.15,"non-ads"
1741,1740,20,96,4.8,"non-ads"
1742,1741,16,16,1,"non-ads"
1745,1744,35,135,3.8571,"non-ads"
1748,1747,165,43,0.2606,"non-ads"
1750,1749,24,30,1.25,"non-ads"
1753,1752,150,238,1.5866,"non-ads"
1754,1753,100,100,1,"non-ads"
1755,1754,39,78,2,"non-ads"
1756,1755,55,55,1,"non-ads"
1757,1756,165,43,0.2606,"non-ads"
1758,1757,12,59,4.9166,"non-ads"
1759,1758,14,82,5.8571,"non-ads"
1766,1765,40,111,2.775,"non-ads"
1769,1768,35,146,4.1714,"non-ads"
1771,1770,115,205,1.7826,"non-ads"
1772,1771,16,16,1,"non-ads"
1775,1774,70,100,1.4285,"non-ads"
1776,1775,31,112,3.6129,"non-ads"
1777,1776,11,89,8.0909,"non-ads"
1778,1777,24,150,6.25,"non-ads"
1779,1778,48,264,5.5,"non-ads"
1781,1780,77,100,1.2987,"non-ads"
1782,1781,170,207,1.2176,"non-ads"
1785,1784,24,30,1.25,"non-ads"
1786,1785,25,25,1,"non-ads"
1788,1787,11,64,5.8181,"non-ads"
1790,1789,16,16,1,"non-ads"
1792,1791,27,43,1.5925,"non-ads"
1794,1793,42,42,1,"non-ads"
1795,1794,125,200,1.6,"non-ads"
1796,1795,10,34,3.4,"non-ads"
1797,1796,11,94,8.5454,"non-ads"
1799,1798,24,24,1,"non-ads"
1804,1803,28,105,3.75,"non-ads"
1805,1804,50,81,1.62,"non-ads"
1806,1805,140,140,1,"non-ads"
1807,1806,24,24,1,"non-ads"
1809,1808,35,119,3.4,"non-ads"
1810,1809,36,140,3.8888,"non-ads"
1813,1812,114,107,0.9385,"non-ads"
1814,1813,24,30,1.25,"non-ads"
1815,1814,23,26,1.1304,"non-ads"
1820,1819,40,129,3.225,"non-ads"
1821,1820,24,24,1,"non-ads"
1822,1821,24,150,6.25,"non-ads"
1823,1822,24,30,1.25,"non-ads"
1824,1823,38,38,1,"non-ads"
1826,1825,31,88,2.8387,"non-ads"
1828,1827,25,100,4,"non-ads"
1830,1829,22,200,9.0909,"non-ads"
1832,1831,16,81,5.0625,"non-ads"
1833,1832,24,30,1.25,"non-ads"
1834,1833,100,100,1,"non-ads"
1835,1834,31,88,2.8387,"non-ads"
1836,1835,23,66,2.8695,"non-ads"
1837,1836,15,80,5.3333,"non-ads"
1840,1839,38,38,1,"non-ads"
1841,1840,16,16,1,"non-ads"
1842,1841,60,80,1.3333,"non-ads"
1843,1842,180,224,1.2444,"non-ads"
1844,1843,12,101,8.4166,"non-ads"
1845,1844,36,41,1.1388,"non-ads"
1846,1845,86,83,0.9651,"non-ads"
1848,1847,38,160,4.2105,"non-ads"
1850,1849,40,40,1,"non-ads"
1852,1851,40,48,1.2,"non-ads"
1853,1852,52,144,2.7692,"non-ads"
1857,1856,25,100,4,"non-ads"
1858,1857,36,140,3.8888,"non-ads"
1859,1858,12,98,8.1666,"non-ads"
1861,1860,39,71,1.8205,"non-ads"
1863,1862,10,38,3.8,"non-ads"
1864,1863,24,150,6.25,"non-ads"
1865,1864,12,102,8.5,"non-ads"
1866,1865,25,100,4,"non-ads"
1868,1867,16,16,1,"non-ads"
1869,1868,26,104,4,"non-ads"
1870,1869,25,100,4,"non-ads"
1871,1870,35,99,2.8285,"non-ads"
1872,1871,31,88,2.8387,"non-ads"
1873,1872,20,96,4.8,"non-ads"
1875,1874,12,57,4.75,"non-ads"
1876,1875,26,104,4,"non-ads"
1879,1878,10,46,4.6,"non-ads"
1883,1882,42,43,1.0238,"non-ads"
1888,1887,58,58,1,"non-ads"
1889,1888,24,30,1.25,"non-ads"
1890,1889,40,48,1.2,"non-ads"
1892,1891,52,144,2.7692,"non-ads"
1893,1892,36,140,3.8888,"non-ads"
1896,1895,30,30,1,"non-ads"
1897,1896,28,105,3.75,"non-ads"
1898,1897,43,40,0.9302,"non-ads"
1900,1899,10,21,2.1,"non-ads"
1901,1900,31,88,2.8387,"non-ads"
1902,1901,70,96,1.3714,"non-ads"
1904,1903,52,144,2.7692,"non-ads"
1905,1904,103,92,0.8932,"non-ads"
1906,1905,42,43,1.0238,"non-ads"
1907,1906,169,94,0.5562,"non-ads"
1911,1910,28,105,3.75,"non-ads"
1912,1911,98,150,1.5306,"non-ads"
1913,1912,108,110,1.0185,"non-ads"
1914,1913,90,85,0.9444,"non-ads"
1915,1914,67,104,1.5522,"non-ads"
1916,1915,43,42,0.9767,"non-ads"
1918,1917,16,86,5.375,"non-ads"
1920,1919,22,200,9.0909,"non-ads"
1921,1920,52,144,2.7692,"non-ads"
1922,1921,75,200,2.6666,"non-ads"
1923,1922,100,100,1,"non-ads"
1926,1925,53,53,1,"non-ads"
1928,1927,24,30,1.25,"non-ads"
1929,1928,16,16,1,"non-ads"
1930,1929,38,41,1.0789,"non-ads"
1935,1934,26,104,4,"non-ads"
1936,1935,134,184,1.3731,"non-ads"
1938,1937,24,30,1.25,"non-ads"
1939,1938,28,105,3.75,"non-ads"
1940,1939,16,90,5.625,"non-ads"
1941,1940,40,48,1.2,"non-ads"
1942,1941,36,140,3.8888,"non-ads"
1943,1942,26,104,4,"non-ads"
1944,1943,24,30,1.25,"non-ads"
1945,1944,18,66,3.6666,"non-ads"
1946,1945,154,231,1.5,"non-ads"
1947,1946,36,140,3.8888,"non-ads"
1948,1947,11,64,5.8181,"non-ads"
1952,1951,28,105,3.75,"non-ads"
1953,1952,52,144,2.7692,"non-ads"
1954,1953,54,56,1.037,"non-ads"
1955,1954,16,43,2.6875,"non-ads"
1957,1956,16,16,1,"non-ads"
1958,1957,28,105,3.75,"non-ads"
1959,1958,30,143,4.7666,"non-ads"
1960,1959,105,101,0.9619,"non-ads"
1961,1960,75,95,1.2666,"non-ads"
1963,1962,28,105,3.75,"non-ads"
1964,1963,60,55,0.9166,"non-ads"
1966,1965,43,114,2.6511,"non-ads"
1967,1966,45,45,1,"non-ads"
1968,1967,24,30,1.25,"non-ads"
1969,1968,25,100,4,"non-ads"
1971,1970,40,48,1.2,"non-ads"
1972,1971,38,44,1.1578,"non-ads"
1975,1974,28,105,3.75,"non-ads"
1977,1976,109,108,0.9908,"non-ads"
1978,1977,52,15,0.2884,"non-ads"
1979,1978,16,16,1,"non-ads"
1981,1980,49,87,1.7755,"non-ads"
1982,1981,43,43,1,"non-ads"
1986,1985,99,150,1.5151,"non-ads"
1987,1986,90,65,0.7222,"non-ads"
1988,1987,114,110,0.9649,"non-ads"
1989,1988,105,150,1.4285,"non-ads"
1991,1990,49,87,1.7755,"non-ads"
1993,1992,31,88,2.8387,"non-ads"
1994,1993,61,185,3.0327,"non-ads"
1995,1994,11,64,5.8181,"non-ads"
1999,1998,80,125,1.5625,"non-ads"
2001,2000,49,119,2.4285,"non-ads"
2005,2004,56,100,1.7857,"non-ads"
2006,2005,28,105,3.75,"non-ads"
2007,2006,80,125,1.5625,"non-ads"
2008,2007,22,122,5.5454,"non-ads"
2011,2010,16,16,1,"non-ads"
2014,2013,28,105,3.75,"non-ads"
2016,2015,120,150,1.25,"non-ads"
2017,2016,24,24,1,"non-ads"
2019,2018,61,65,1.0655,"non-ads"
2020,2019,100,150,1.5,"non-ads"
2022,2021,24,30,1.25,"non-ads"
2025,2024,68,92,1.3529,"non-ads"
2027,2026,31,88,2.8387,"non-ads"
2029,2028,51,115,2.2549,"non-ads"
2030,2029,16,54,3.375,"non-ads"
2031,2030,39,143,3.6666,"non-ads"
2032,2031,104,150,1.4423,"non-ads"
2034,2033,111,110,0.9909,"non-ads"
2037,2036,32,32,1,"non-ads"
2040,2039,28,105,3.75,"non-ads"
2041,2040,25,31,1.24,"non-ads"
2042,2041,24,24,1,"non-ads"
2043,2042,62,120,1.9354,"non-ads"
2044,2043,49,61,1.2448,"non-ads"
2045,2044,24,30,1.25,"non-ads"
2046,2045,38,198,5.2105,"non-ads"
2047,2046,109,91,0.8348,"non-ads"
2050,2049,16,16,1,"non-ads"
2053,2052,16,76,4.75,"non-ads"
2054,2053,32,32,1,"non-ads"
2057,2056,125,95,0.76,"non-ads"
2058,2057,100,150,1.5,"non-ads"
2059,2058,87,150,1.7241,"non-ads"
2060,2059,149,182,1.2214,"non-ads"
2062,2061,35,97,2.7714,"non-ads"
2063,2062,129,149,1.155,"non-ads"
2067,2066,106,183,1.7264,"non-ads"
2068,2067,35,64,1.8285,"non-ads"
2069,2068,100,100,1,"non-ads"
2070,2069,58,252,4.3448,"non-ads"
2071,2070,113,110,0.9734,"non-ads"
2073,2072,102,179,1.7549,"non-ads"
2075,2074,106,90,0.849,"non-ads"
2079,2078,16,16,1,"non-ads"
2080,2079,100,89,0.89,"non-ads"
2081,2080,24,30,1.25,"non-ads"
2084,2083,50,50,1,"non-ads"
2086,2085,36,35,0.9722,"non-ads"
2088,2087,51,80,1.5686,"non-ads"
2089,2088,113,110,0.9734,"non-ads"
2091,2090,34,133,3.9117,"non-ads"
2093,2092,57,45,0.7894,"non-ads"
2094,2093,74,70,0.9459,"non-ads"
2096,2095,51,80,1.5686,"non-ads"
2098,2097,154,231,1.5,"non-ads"
2099,2098,15,80,5.3333,"non-ads"
2100,2099,105,200,1.9047,"non-ads"
2102,2101,100,150,1.5,"non-ads"
2103,2102,100,190,1.9,"non-ads"
2106,2105,24,30,1.25,"non-ads"
2107,2106,100,172,1.72,"non-ads"
2108,2107,134,184,1.3731,"non-ads"
2109,2108,29,230,7.931,"non-ads"
2110,2109,95,150,1.5789,"non-ads"
2112,2111,94,73,0.7765,"non-ads"
2113,2112,65,45,0.6923,"non-ads"
2114,2113,19,19,1,"non-ads"
2118,2117,112,110,0.9821,"non-ads"
2121,2120,24,30,1.25,"non-ads"
2122,2121,160,126,0.7875,"non-ads"
2123,2122,33,33,1,"non-ads"
2125,2124,151,236,1.5629,"non-ads"
2126,2125,60,67,1.1166,"non-ads"
2127,2126,19,96,5.0526,"non-ads"
2129,2128,58,55,0.9482,"non-ads"
2130,2129,60,100,1.6666,"non-ads"
2131,2130,51,80,1.5686,"non-ads"
2132,2131,16,16,1,"non-ads"
2134,2133,72,72,1,"non-ads"
2135,2134,50,54,1.08,"non-ads"
2137,2136,70,65,0.9285,"non-ads"
2138,2137,32,32,1,"non-ads"
2139,2138,35,64,1.8285,"non-ads"
2141,2140,16,16,1,"non-ads"
2142,2141,15,80,5.3333,"non-ads"
2143,2142,12,55,4.5833,"non-ads"
2146,2145,31,88,2.8387,"non-ads"
2147,2146,10,44,4.4,"non-ads"
2148,2147,58,252,4.3448,"non-ads"
2150,2149,15,80,5.3333,"non-ads"
2152,2151,12,101,8.4166,"non-ads"
2154,2153,24,30,1.25,"non-ads"
2155,2154,100,167,1.67,"non-ads"
2159,2158,15,80,5.3333,"non-ads"
2160,2159,82,84,1.0243,"non-ads"
2161,2160,83,110,1.3253,"non-ads"
2162,2161,110,76,0.6909,"non-ads"
2163,2162,72,15,0.2083,"non-ads"
2164,2163,24,24,1,"non-ads"
2165,2164,16,16,1,"non-ads"
2166,2165,134,184,1.3731,"non-ads"
2167,2166,35,75,2.1428,"non-ads"
2168,2167,30,124,4.1333,"non-ads"
2169,2168,15,80,5.3333,"non-ads"
2173,2172,31,88,2.8387,"non-ads"
2174,2173,23,26,1.1304,"non-ads"
2175,2174,12,74,6.1666,"non-ads"
2176,2175,35,70,2,"non-ads"
2180,2179,91,180,1.978,"non-ads"
2181,2180,140,180,1.2857,"non-ads"
2182,2181,24,30,1.25,"non-ads"
2184,2183,15,80,5.3333,"non-ads"
2185,2184,24,24,1,"non-ads"
2187,2186,154,231,1.5,"non-ads"
2188,2187,35,84,2.4,"non-ads"
2189,2188,24,30,1.25,"non-ads"
2191,2190,40,237,5.925,"non-ads"
2193,2192,15,80,5.3333,"non-ads"
2195,2194,140,180,1.2857,"non-ads"
2196,2195,31,88,2.8387,"non-ads"
2200,2199,28,230,8.2142,"non-ads"
2201,2200,140,180,1.2857,"non-ads"
2202,2201,26,120,4.6153,"non-ads"
2207,2206,15,80,5.3333,"non-ads"
2208,2207,28,230,8.2142,"non-ads"
2211,2210,42,125,2.9761,"non-ads"
2213,2212,40,140,3.5,"non-ads"
2216,2215,31,88,2.8387,"non-ads"
2217,2216,24,30,1.25,"non-ads"
2218,2217,16,109,6.8125,"non-ads"
2221,2220,24,24,1,"non-ads"
2223,2222,62,88,1.4193,"non-ads"
2224,2223,15,80,5.3333,"non-ads"
2226,2225,96,65,0.677,"non-ads"
2228,2227,15,80,5.3333,"non-ads"
2229,2228,31,88,2.8387,"non-ads"
2231,2230,15,80,5.3333,"non-ads"
2232,2231,110,120,1.0909,"non-ads"
2233,2232,28,229,8.1785,"non-ads"
2234,2233,31,88,2.8387,"non-ads"
2237,2236,11,89,8.0909,"non-ads"
2239,2238,140,140,1,"non-ads"
2240,2239,23,26,1.1304,"non-ads"
2242,2241,57,55,0.9649,"non-ads"
2243,2242,18,24,1.3333,"non-ads"
2244,2243,12,98,8.1666,"non-ads"
2246,2245,28,100,3.5714,"non-ads"
2247,2246,11,64,5.8181,"non-ads"
2248,2247,62,128,2.0645,"non-ads"
2249,2248,100,100,1,"non-ads"
2251,2250,80,90,1.125,"non-ads"
2252,2251,60,60,1,"non-ads"
2253,2252,46,96,2.0869,"non-ads"
2254,2253,80,76,0.95,"non-ads"
2255,2254,46,96,2.0869,"non-ads"
2257,2256,12,102,8.5,"non-ads"
2258,2257,11,96,8.7272,"non-ads"
2261,2260,100,80,0.8,"non-ads"
2265,2264,48,80,1.6666,"non-ads"
2266,2265,12,101,8.4166,"non-ads"
2268,2267,12,57,4.75,"non-ads"
2271,2270,12,101,8.4166,"non-ads"
2272,2271,33,33,1,"non-ads"
2273,2272,100,100,1,"non-ads"
2274,2273,43,44,1.0232,"non-ads"
2276,2275,118,136,1.1525,"non-ads"
2277,2276,28,100,3.5714,"non-ads"
2278,2277,100,100,1,"non-ads"
2279,2278,33,33,1,"non-ads"
2280,2279,23,26,1.1304,"non-ads"
2281,2280,11,89,8.0909,"non-ads"
2283,2282,52,15,0.2884,"non-ads"
2284,2283,46,96,2.0869,"non-ads"
2285,2284,18,24,1.3333,"non-ads"
2287,2286,46,96,2.0869,"non-ads"
2289,2288,90,90,1,"non-ads"
2291,2290,11,64,5.8181,"non-ads"
2292,2291,46,96,2.0869,"non-ads"
2294,2293,58,252,4.3448,"non-ads"
2296,2295,20,100,5,"non-ads"
2297,2296,75,200,2.6666,"non-ads"
2298,2297,11,64,5.8181,"non-ads"
2299,2298,46,96,2.0869,"non-ads"
2300,2299,12,98,8.1666,"non-ads"
2301,2300,60,60,1,"non-ads"
2302,2301,11,94,8.5454,"non-ads"
2303,2302,140,140,1,"non-ads"
2305,2304,46,96,2.0869,"non-ads"
2306,2305,40,40,1,"non-ads"
2307,2306,58,252,4.3448,"non-ads"
2308,2307,43,157,3.6511,"non-ads"
2309,2308,11,94,8.5454,"non-ads"
2310,2309,27,100,3.7037,"non-ads"
2311,2310,140,140,1,"non-ads"
2312,2311,80,86,1.075,"non-ads"
2314,2313,48,264,5.5,"non-ads"
2317,2316,65,52,0.8,"non-ads"
2318,2317,20,100,5,"non-ads"
2319,2318,58,252,4.3448,"non-ads"
2320,2319,86,72,0.8372,"non-ads"
2322,2321,20,100,5,"non-ads"
2323,2322,31,124,4,"non-ads"
2324,2323,12,102,8.5,"non-ads"
2326,2325,60,140,2.3333,"non-ads"
2327,2326,12,86,7.1666,"non-ads"
2330,2329,75,100,1.3333,"non-ads"
2331,2330,60,140,2.3333,"non-ads"
2332,2331,33,33,1,"non-ads"
2333,2332,95,110,1.1578,"non-ads"
2334,2333,46,96,2.0869,"non-ads"
2335,2334,100,100,1,"non-ads"
2336,2335,38,96,2.5263,"non-ads"
2337,2336,23,19,0.826,"non-ads"
2339,2338,12,101,8.4166,"non-ads"
2340,2339,39,90,2.3076,"non-ads"
2341,2340,60,43,0.7166,"non-ads"
2342,2341,30,100,3.3333,"non-ads"
2343,2342,80,89,1.1125,"non-ads"
2344,2343,138,200,1.4492,"non-ads"
2345,2344,19,80,4.2105,"non-ads"
2346,2345,12,102,8.5,"non-ads"
2347,2346,60,43,0.7166,"non-ads"
2348,2347,45,130,2.8888,"non-ads"
2349,2348,20,100,5,"non-ads"
2350,2349,12,101,8.4166,"non-ads"
2351,2350,50,50,1,"non-ads"
2352,2351,140,140,1,"non-ads"
2353,2352,103,149,1.4466,"non-ads"
2354,2353,60,43,0.7166,"non-ads"
2355,2354,18,128,7.1111,"non-ads"
2357,2356,86,194,2.2558,"non-ads"
2359,2358,90,97,1.0777,"non-ads"
2360,2359,24,75,3.125,"non-ads"
2361,2360,40,40,1,"non-ads"
2362,2361,62,88,1.4193,"non-ads"
2363,2362,12,57,4.75,"non-ads"
2364,2363,30,100,3.3333,"non-ads"
2365,2364,46,96,2.0869,"non-ads"
2367,2366,60,140,2.3333,"non-ads"
2368,2367,80,88,1.1,"non-ads"
2370,2369,12,86,7.1666,"non-ads"
2371,2370,30,100,3.3333,"non-ads"
2374,2373,32,214,6.6875,"non-ads"
2377,2376,49,49,1,"non-ads"
2378,2377,60,80,1.3333,"non-ads"
2379,2378,31,88,2.8387,"non-ads"
2380,2379,60,140,2.3333,"non-ads"
2381,2380,20,100,5,"non-ads"
2382,2381,11,96,8.7272,"non-ads"
2384,2383,31,88,2.8387,"non-ads"
2385,2384,60,140,2.3333,"non-ads"
2386,2385,32,88,2.75,"non-ads"
2387,2386,83,200,2.4096,"non-ads"
2388,2387,60,43,0.7166,"non-ads"
2389,2388,46,96,2.0869,"non-ads"
2390,2389,80,86,1.075,"non-ads"
2391,2390,53,70,1.3207,"non-ads"
2394,2393,83,100,1.2048,"non-ads"
2395,2394,16,16,1,"non-ads"
2396,2395,25,120,4.8,"non-ads"
2397,2396,177,150,0.8474,"non-ads"
2399,2398,23,19,0.826,"non-ads"
2401,2400,47,49,1.0425,"non-ads"
2404,2403,136,207,1.522,"non-ads"
2406,2405,25,120,4.8,"non-ads"
2408,2407,80,87,1.0875,"non-ads"
2409,2408,150,124,0.8266,"non-ads"
2410,2409,20,100,5,"non-ads"
2411,2410,11,89,8.0909,"non-ads"
2413,2412,30,100,3.3333,"non-ads"
2414,2413,80,78,0.975,"non-ads"
2415,2414,18,129,7.1666,"non-ads"
2416,2415,11,94,8.5454,"non-ads"
2417,2416,30,100,3.3333,"non-ads"
2418,2417,43,114,2.6511,"non-ads"
2420,2419,80,92,1.15,"non-ads"
2421,2420,37,34,0.9189,"non-ads"
2423,2422,25,120,4.8,"non-ads"
2424,2423,31,88,2.8387,"non-ads"
2425,2424,104,104,1,"non-ads"
2426,2425,31,124,4,"non-ads"
2428,2427,60,43,0.7166,"non-ads"
2429,2428,25,120,4.8,"non-ads"
2430,2429,12,101,8.4166,"non-ads"
2431,2430,80,89,1.1125,"non-ads"
2432,2431,23,19,0.826,"non-ads"
2433,2432,11,96,8.7272,"non-ads"
2435,2434,60,43,0.7166,"non-ads"
2436,2435,20,125,6.25,"non-ads"
2438,2437,125,250,2,"non-ads"
2440,2439,23,19,0.826,"non-ads"
2441,2440,12,101,8.4166,"non-ads"
2442,2441,12,57,4.75,"non-ads"
2443,2442,60,43,0.7166,"non-ads"
2444,2443,80,94,1.175,"non-ads"
2445,2444,23,135,5.8695,"non-ads"
2446,2445,31,88,2.8387,"non-ads"
2447,2446,12,102,8.5,"non-ads"
2449,2448,24,120,5,"non-ads"
2451,2450,31,88,2.8387,"non-ads"
2453,2452,20,175,8.75,"non-ads"
2454,2453,150,108,0.72,"non-ads"
2455,2454,37,34,0.9189,"non-ads"
2457,2456,78,104,1.3333,"non-ads"
2459,2458,170,110,0.647,"non-ads"
2460,2459,23,19,0.826,"non-ads"
2461,2460,103,105,1.0194,"non-ads"
2462,2461,24,120,5,"non-ads"
2464,2463,75,200,2.6666,"non-ads"
2465,2464,24,75,3.125,"non-ads"
2468,2467,35,114,3.2571,"non-ads"
2469,2468,76,87,1.1447,"non-ads"
2470,2469,80,116,1.45,"non-ads"
2471,2470,55,75,1.3636,"non-ads"
2472,2471,38,96,2.5263,"non-ads"
2473,2472,60,43,0.7166,"non-ads"
2474,2473,18,57,3.1666,"non-ads"
2475,2474,81,129,1.5925,"non-ads"
2477,2476,11,89,8.0909,"non-ads"
2478,2477,78,104,1.3333,"non-ads"
2479,2478,80,95,1.1875,"non-ads"
2481,2480,31,241,7.7741,"non-ads"
2483,2482,15,82,5.4666,"non-ads"
2484,2483,23,19,0.826,"non-ads"
2486,2485,24,120,5,"non-ads"
2487,2486,80,80,1,"non-ads"
2488,2487,21,110,5.238,"non-ads"
2490,2489,32,248,7.75,"non-ads"
2491,2490,33,85,2.5757,"non-ads"
2492,2491,80,94,1.175,"non-ads"
2493,2492,14,70,5,"non-ads"
2495,2494,100,111,1.11,"non-ads"
2496,2495,24,120,5,"non-ads"
2497,2496,40,68,1.7,"non-ads"
2498,2497,11,94,8.5454,"non-ads"
2499,2498,95,94,0.9894,"non-ads"
2500,2499,32,214,6.6875,"non-ads"
2503,2502,23,19,0.826,"non-ads"
2504,2503,110,178,1.6181,"non-ads"
2505,2504,25,68,2.72,"non-ads"
2507,2506,33,224,6.7878,"non-ads"
2508,2507,64,203,3.1718,"non-ads"
2509,2508,31,209,6.7419,"non-ads"
2511,2510,25,120,4.8,"non-ads"
2512,2511,68,66,0.9705,"non-ads"
2513,2512,106,119,1.1226,"non-ads"
2516,2515,80,87,1.0875,"non-ads"
2517,2516,60,60,1,"non-ads"
2518,2517,23,19,0.826,"non-ads"
2519,2518,19,96,5.0526,"non-ads"
2520,2519,60,80,1.3333,"non-ads"
2521,2520,20,175,8.75,"non-ads"
2522,2521,11,64,5.8181,"non-ads"
2523,2522,60,73,1.2166,"non-ads"
2524,2523,64,250,3.9062,"non-ads"
2525,2524,36,75,2.0833,"non-ads"
2527,2526,23,26,1.1304,"non-ads"
2528,2527,75,95,1.2666,"non-ads"
2529,2528,20,100,5,"non-ads"
2530,2529,23,26,1.1304,"non-ads"
2531,2530,25,112,4.48,"non-ads"
2533,2532,120,120,1,"non-ads"
2534,2533,20,175,8.75,"non-ads"
2535,2534,80,87,1.0875,"non-ads"
2536,2535,60,43,0.7166,"non-ads"
2537,2536,80,100,1.25,"non-ads"
2538,2537,1,1,1,"non-ads"
2541,2540,50,50,1,"non-ads"
2545,2544,66,155,2.3484,"non-ads"
2546,2545,12,98,8.1666,"non-ads"
2548,2547,103,80,0.7766,"non-ads"
2549,2548,80,87,1.0875,"non-ads"
2551,2550,80,90,1.125,"non-ads"
2552,2551,19,37,1.9473,"non-ads"
2553,2552,25,46,1.84,"non-ads"
2554,2553,12,101,8.4166,"non-ads"
2556,2555,95,110,1.1578,"non-ads"
2560,2559,12,57,4.75,"non-ads"
2567,2566,75,95,1.2666,"non-ads"
2568,2567,31,88,2.8387,"non-ads"
2570,2569,40,130,3.25,"non-ads"
2571,2570,31,88,2.8387,"non-ads"
2573,2572,90,90,1,"non-ads"
2574,2573,95,110,1.1578,"non-ads"
2576,2575,33,35,1.0606,"non-ads"
2577,2576,20,100,5,"non-ads"
2582,2581,95,104,1.0947,"non-ads"
2584,2583,77,108,1.4025,"non-ads"
2585,2584,35,126,3.6,"non-ads"
2586,2585,60,75,1.25,"non-ads"
2587,2586,11,96,8.7272,"non-ads"
2588,2587,12,101,8.4166,"non-ads"
2589,2588,80,90,1.125,"non-ads"
2590,2589,80,87,1.0875,"non-ads"
2591,2590,17,98,5.7647,"non-ads"
2592,2591,46,173,3.7608,"non-ads"
2594,2593,77,108,1.4025,"non-ads"
2595,2594,80,89,1.1125,"non-ads"
2596,2595,31,88,2.8387,"non-ads"
2597,2596,23,98,4.2608,"non-ads"
2598,2597,120,120,1,"non-ads"
2600,2599,40,120,3,"non-ads"
2601,2600,30,129,4.3,"non-ads"
2602,2601,80,89,1.1125,"non-ads"
2604,2603,77,108,1.4025,"non-ads"
2605,2604,17,38,2.2352,"non-ads"
2606,2605,20,134,6.7,"non-ads"
2608,2607,120,120,1,"non-ads"
2609,2608,14,67,4.7857,"non-ads"
2610,2609,16,100,6.25,"non-ads"
2611,2610,90,95,1.0555,"non-ads"
2612,2611,20,20,1,"non-ads"
2614,2613,77,108,1.4025,"non-ads"
2616,2615,20,134,6.7,"non-ads"
2617,2616,32,128,4,"non-ads"
2618,2617,140,172,1.2285,"non-ads"
2619,2618,31,88,2.8387,"non-ads"
2620,2619,22,110,5,"non-ads"
2621,2620,39,100,2.5641,"non-ads"
2622,2621,35,126,3.6,"non-ads"
2627,2626,70,50,0.7142,"non-ads"
2630,2629,20,134,6.7,"non-ads"
2631,2630,162,245,1.5123,"non-ads"
2632,2631,14,21,1.5,"non-ads"
2634,2633,31,88,2.8387,"non-ads"
2635,2634,90,100,1.1111,"non-ads"
2636,2635,28,91,3.25,"non-ads"
2638,2637,50,40,0.8,"non-ads"
2639,2638,151,120,0.7947,"non-ads"
2642,2641,29,87,3,"non-ads"
2643,2642,95,110,1.1578,"non-ads"
2645,2644,40,40,1,"non-ads"
2646,2645,62,88,1.4193,"non-ads"
2647,2646,153,213,1.3921,"non-ads"
2650,2649,22,110,5,"non-ads"
2652,2651,26,122,4.6923,"non-ads"
2653,2652,102,179,1.7549,"non-ads"
2654,2653,24,24,1,"non-ads"
2655,2654,31,88,2.8387,"non-ads"
2656,2655,63,75,1.1904,"non-ads"
2657,2656,32,32,1,"non-ads"
2659,2658,90,128,1.4222,"non-ads"
2660,2659,78,139,1.782,"non-ads"
2662,2661,143,214,1.4965,"non-ads"
2665,2664,22,110,5,"non-ads"
2666,2665,149,182,1.2214,"non-ads"
2667,2666,76,108,1.421,"non-ads"
2669,2668,27,73,2.7037,"non-ads"
2670,2669,102,179,1.7549,"non-ads"
2671,2670,174,100,0.5747,"non-ads"
2674,2673,31,88,2.8387,"non-ads"
2675,2674,115,205,1.7826,"non-ads"
2676,2675,146,141,0.9657,"non-ads"
2677,2676,30,90,3,"non-ads"
2678,2677,149,182,1.2214,"non-ads"
2681,2680,24,24,1,"non-ads"
2682,2681,36,88,2.4444,"non-ads"
2683,2682,25,83,3.32,"non-ads"
2684,2683,17,102,6,"non-ads"
2685,2684,62,88,1.4193,"non-ads"
2686,2685,12,101,8.4166,"non-ads"
2687,2686,39,67,1.7179,"non-ads"
2689,2688,31,88,2.8387,"non-ads"
2691,2690,140,140,1,"non-ads"
2693,2692,16,100,6.25,"non-ads"
2694,2693,150,250,1.6666,"non-ads"
2695,2694,24,74,3.0833,"non-ads"
2696,2695,24,24,1,"non-ads"
2698,2697,36,142,3.9444,"non-ads"
2699,2698,115,205,1.7826,"non-ads"
2700,2699,31,88,2.8387,"non-ads"
2701,2700,40,70,1.75,"non-ads"
2704,2703,100,84,0.84,"non-ads"
2706,2705,144,216,1.5,"non-ads"
2707,2706,39,150,3.8461,"non-ads"
2708,2707,20,90,4.5,"non-ads"
2711,2710,31,241,7.7741,"non-ads"
2712,2711,18,18,1,"non-ads"
2713,2712,12,101,8.4166,"non-ads"
2714,2713,14,109,7.7857,"non-ads"
2715,2714,133,200,1.5037,"non-ads"
2716,2715,60,240,4,"non-ads"
2718,2717,133,200,1.5037,"non-ads"
2720,2719,62,148,2.387,"non-ads"
2721,2720,40,70,1.75,"non-ads"
2723,2722,26,122,4.6923,"non-ads"
2724,2723,173,136,0.7861,"non-ads"
2725,2724,138,223,1.6159,"non-ads"
2726,2725,110,125,1.1363,"non-ads"
2728,2727,74,78,1.054,"non-ads"
2729,2728,149,182,1.2214,"non-ads"
2730,2729,90,64,0.7111,"non-ads"
2736,2735,37,34,0.9189,"non-ads"
2737,2736,26,122,4.6923,"non-ads"
2738,2737,31,88,2.8387,"non-ads"
2739,2738,140,140,1,"non-ads"
2740,2739,40,70,1.75,"non-ads"
2745,2744,64,64,1,"non-ads"
2747,2746,131,132,1.0076,"non-ads"
2749,2748,141,254,1.8014,"non-ads"
2751,2750,12,67,5.5833,"non-ads"
2753,2752,140,140,1,"non-ads"
2754,2753,16,55,3.4375,"non-ads"
2755,2754,49,103,2.102,"non-ads"
2758,2757,146,141,0.9657,"non-ads"
2759,2758,36,150,4.1666,"non-ads"
2760,2759,28,118,4.2142,"non-ads"
2763,2762,31,88,2.8387,"non-ads"
2764,2763,103,132,1.2815,"non-ads"
2766,2765,36,114,3.1666,"non-ads"
2767,2766,33,88,2.6666,"non-ads"
2768,2767,150,150,1,"non-ads"
2771,2770,149,182,1.2214,"non-ads"
2773,2772,32,88,2.75,"non-ads"
2774,2773,181,200,1.1049,"non-ads"
2775,2774,140,140,1,"non-ads"
2777,2776,12,108,9,"non-ads"
2778,2777,150,200,1.3333,"non-ads"
2780,2779,105,134,1.2761,"non-ads"
2781,2780,50,66,1.32,"non-ads"
2782,2781,23,26,1.1304,"non-ads"
2783,2782,145,242,1.6689,"non-ads"
2784,2783,114,100,0.8771,"non-ads"
2786,2785,110,120,1.0909,"non-ads"
2787,2786,150,200,1.3333,"non-ads"
2790,2789,118,89,0.7542,"non-ads"
2791,2790,31,88,2.8387,"non-ads"
2792,2791,12,85,7.0833,"non-ads"
2793,2792,31,209,6.7419,"non-ads"
2795,2794,50,94,1.88,"non-ads"
2796,2795,76,100,1.3157,"non-ads"
2797,2796,76,108,1.421,"non-ads"
2800,2799,50,40,0.8,"non-ads"
2801,2800,180,241,1.3388,"non-ads"
2802,2801,120,160,1.3333,"non-ads"
2803,2802,46,100,2.1739,"non-ads"
2804,2803,110,108,0.9818,"non-ads"
2806,2805,38,96,2.5263,"non-ads"
2808,2807,131,200,1.5267,"non-ads"
2810,2809,31,88,2.8387,"non-ads"
2813,2812,12,101,8.4166,"non-ads"
2814,2813,50,50,1,"non-ads"
2816,2815,15,60,4,"non-ads"
2820,2819,32,248,7.75,"non-ads"
2823,2822,145,200,1.3793,"non-ads"
2825,2824,102,88,0.8627,"non-ads"
2826,2825,30,90,3,"non-ads"
2827,2826,132,130,0.9848,"non-ads"
2828,2827,26,104,4,"non-ads"
2829,2828,24,120,5,"non-ads"
2830,2829,11,70,6.3636,"non-ads"
2831,2830,32,32,1,"non-ads"
2833,2832,80,84,1.05,"non-ads"
2834,2833,26,104,4,"non-ads"
2837,2836,102,179,1.7549,"non-ads"
2839,2838,26,58,2.2307,"non-ads"
2840,2839,151,120,0.7947,"non-ads"
2841,2840,24,120,5,"non-ads"
2845,2844,137,150,1.0948,"non-ads"
2847,2846,11,94,8.5454,"non-ads"
2848,2847,75,200,2.6666,"non-ads"
2849,2848,74,102,1.3783,"non-ads"
2851,2850,125,200,1.6,"non-ads"
2852,2851,178,110,0.6179,"non-ads"
2854,2853,120,150,1.25,"non-ads"
2856,2855,62,61,0.9838,"non-ads"
2857,2856,33,88,2.6666,"non-ads"
2858,2857,27,69,2.5555,"non-ads"
2859,2858,26,104,4,"non-ads"
2862,2861,26,104,4,"non-ads"
2864,2863,11,64,5.8181,"non-ads"
2865,2864,110,161,1.4636,"non-ads"
2866,2865,25,85,3.4,"non-ads"
2869,2868,135,200,1.4814,"non-ads"
2870,2869,26,104,4,"non-ads"
2871,2870,40,200,5,"non-ads"
2872,2871,102,179,1.7549,"non-ads"
2873,2872,152,200,1.3157,"non-ads"
2875,2874,23,26,1.1304,"non-ads"
2876,2875,40,200,5,"non-ads"
2877,2876,11,64,5.8181,"non-ads"
2878,2877,125,250,2,"non-ads"
2879,2878,20,95,4.75,"non-ads"
2880,2879,67,134,2,"non-ads"
2881,2880,75,95,1.2666,"non-ads"
2883,2882,11,89,8.0909,"non-ads"
2884,2883,30,130,4.3333,"non-ads"
2887,2886,24,120,5,"non-ads"
2890,2889,80,82,1.025,"non-ads"
2891,2890,100,50,0.5,"non-ads"
2892,2891,38,96,2.5263,"non-ads"
2893,2892,187,248,1.3262,"non-ads"
2894,2893,24,120,5,"non-ads"
2896,2895,30,130,4.3333,"non-ads"
2897,2896,24,120,5,"non-ads"
2899,2898,11,94,8.5454,"non-ads"
2900,2899,80,84,1.05,"non-ads"
2901,2900,12,57,4.75,"non-ads"
2902,2901,132,130,0.9848,"non-ads"
2903,2902,12,57,4.75,"non-ads"
2904,2903,117,233,1.9914,"non-ads"
2907,2906,90,90,1,"non-ads"
2908,2907,20,95,4.75,"non-ads"
2910,2909,11,96,8.7272,"non-ads"
2911,2910,90,90,1,"non-ads"
2913,2912,28,100,3.5714,"non-ads"
2914,2913,11,96,8.7272,"non-ads"
2915,2914,125,250,2,"non-ads"
2921,2920,20,134,6.7,"non-ads"
2923,2922,72,105,1.4583,"non-ads"
2924,2923,24,120,5,"non-ads"
2925,2924,40,200,5,"non-ads"
2926,2925,158,194,1.2278,"non-ads"
2927,2926,20,95,4.75,"non-ads"
2928,2927,42,42,1,"non-ads"
2930,2929,46,125,2.7173,"non-ads"
2931,2930,54,64,1.1851,"non-ads"
2932,2931,12,102,8.5,"non-ads"
2933,2932,102,179,1.7549,"non-ads"
2934,2933,20,134,6.7,"non-ads"
2936,2935,21,86,4.0952,"non-ads"
2937,2936,40,200,5,"non-ads"
2938,2937,12,101,8.4166,"non-ads"
2940,2939,40,200,5,"non-ads"
2941,2940,24,120,5,"non-ads"
2943,2942,100,83,0.83,"non-ads"
2944,2943,24,120,5,"non-ads"
2945,2944,119,209,1.7563,"non-ads"
2946,2945,170,170,1,"non-ads"
2947,2946,145,200,1.3793,"non-ads"
2948,2947,40,46,1.15,"non-ads"
2949,2948,40,160,4,"non-ads"
2951,2950,11,89,8.0909,"non-ads"
2952,2951,30,30,1,"non-ads"
2953,2952,151,199,1.3178,"non-ads"
2957,2956,146,250,1.7123,"non-ads"
2960,2959,16,16,1,"non-ads"
2961,2960,80,89,1.1125,"non-ads"
2962,2961,22,204,9.2727,"non-ads"
2963,2962,66,73,1.106,"non-ads"
2964,2963,49,114,2.3265,"non-ads"
2965,2964,110,110,1,"non-ads"
2968,2967,30,30,1,"non-ads"
2969,2968,16,16,1,"non-ads"
2970,2969,161,130,0.8074,"non-ads"
2972,2971,90,90,1,"non-ads"
2973,2972,163,164,1.0061,"non-ads"
2974,2973,154,231,1.5,"non-ads"
2977,2976,11,89,8.0909,"non-ads"
2978,2977,84,85,1.0119,"non-ads"
2979,2978,12,101,8.4166,"non-ads"
2980,2979,16,60,3.75,"non-ads"
2981,2980,12,102,8.5,"non-ads"
2982,2981,31,88,2.8387,"non-ads"
2984,2983,27,57,2.1111,"non-ads"
2985,2984,12,102,8.5,"non-ads"
2986,2985,17,77,4.5294,"non-ads"
2988,2987,134,184,1.3731,"non-ads"
2989,2988,20,134,6.7,"non-ads"
2990,2989,120,180,1.5,"non-ads"
2991,2990,134,184,1.3731,"non-ads"
2992,2991,61,61,1,"non-ads"
2994,2993,12,101,8.4166,"non-ads"
2995,2994,11,64,5.8181,"non-ads"
2996,2995,171,210,1.228,"non-ads"
2998,2997,55,177,3.2181,"non-ads"
3000,2999,108,120,1.1111,"non-ads"
3002,3001,20,95,4.75,"non-ads"
3003,3002,75,101,1.3466,"non-ads"
3004,3003,90,90,1,"non-ads"
3005,3004,30,143,4.7666,"non-ads"
3006,3005,30,30,1,"non-ads"
3007,3006,11,94,8.5454,"non-ads"
3008,3007,20,134,6.7,"non-ads"
3012,3011,27,175,6.4814,"non-ads"
3014,3013,23,26,1.1304,"non-ads"
3016,3015,106,107,1.0094,"non-ads"
3017,3016,12,86,7.1666,"non-ads"
3019,3018,62,82,1.3225,"non-ads"
3021,3020,31,88,2.8387,"non-ads"
3022,3021,38,88,2.3157,"non-ads"
3023,3022,75,100,1.3333,"non-ads"
3024,3023,12,102,8.5,"non-ads"
3025,3024,20,20,1,"non-ads"
3026,3025,60,196,3.2666,"non-ads"
3027,3026,14,63,4.5,"non-ads"
3028,3027,160,180,1.125,"non-ads"
3030,3029,65,110,1.6923,"non-ads"
3031,3030,62,62,1,"non-ads"
3032,3031,60,80,1.3333,"non-ads"
3033,3032,38,88,2.3157,"non-ads"
3034,3033,70,50,0.7142,"non-ads"
3035,3034,12,101,8.4166,"non-ads"
3037,3036,149,182,1.2214,"non-ads"
3040,3039,20,134,6.7,"non-ads"
3041,3040,38,88,2.3157,"non-ads"
3044,3043,36,180,5,"non-ads"
3045,3044,22,110,5,"non-ads"
3046,3045,11,96,8.7272,"non-ads"
3047,3046,100,100,1,"non-ads"
3048,3047,154,108,0.7012,"non-ads"
3049,3048,131,156,1.1908,"non-ads"
3051,3050,22,110,5,"non-ads"
3053,3052,32,75,2.3437,"non-ads"
3054,3053,11,89,8.0909,"non-ads"
3055,3054,95,109,1.1473,"non-ads"
3056,3055,140,140,1,"non-ads"
3058,3057,119,152,1.2773,"non-ads"
3059,3058,12,10,0.8333,"non-ads"
3060,3059,36,180,5,"non-ads"
3061,3060,55,150,2.7272,"non-ads"
3063,3062,48,264,5.5,"non-ads"
3064,3063,20,134,6.7,"non-ads"
3065,3064,35,150,4.2857,"non-ads"
3067,3066,36,180,5,"non-ads"
3069,3068,134,184,1.3731,"non-ads"
3070,3069,135,110,0.8148,"non-ads"
3071,3070,12,57,4.75,"non-ads"
3073,3072,133,158,1.1879,"non-ads"
3074,3073,89,83,0.9325,"non-ads"
3075,3074,12,86,7.1666,"non-ads"
3076,3075,12,57,4.75,"non-ads"
3078,3077,140,180,1.2857,"non-ads"
3080,3079,149,182,1.2214,"non-ads"
3081,3080,145,156,1.0758,"non-ads"
3083,3082,12,101,8.4166,"non-ads"
3086,3085,25,120,4.8,"non-ads"
3087,3086,119,150,1.2605,"non-ads"
3088,3087,36,180,5,"non-ads"
3089,3088,25,120,4.8,"non-ads"
3090,3089,140,140,1,"non-ads"
3092,3091,12,10,0.8333,"non-ads"
3093,3092,11,96,8.7272,"non-ads"
3095,3094,12,101,8.4166,"non-ads"
3097,3096,22,21,0.9545,"non-ads"
3099,3098,40,40,1,"non-ads"
3100,3099,25,120,4.8,"non-ads"
3101,3100,110,95,0.8636,"non-ads"
3102,3101,160,180,1.125,"non-ads"
3103,3102,120,180,1.5,"non-ads"
3104,3103,154,231,1.5,"non-ads"
3105,3104,12,86,7.1666,"non-ads"
3106,3105,115,205,1.7826,"non-ads"
3107,3106,40,40,1,"non-ads"
3109,3108,18,24,1.3333,"non-ads"
3111,3110,158,108,0.6835,"non-ads"
3112,3111,117,115,0.9829,"non-ads"
3114,3113,12,102,8.5,"non-ads"
3115,3114,154,231,1.5,"non-ads"
3116,3115,32,40,1.25,"non-ads"
3119,3118,60,70,1.1666,"non-ads"
3121,3120,12,101,8.4166,"non-ads"
3122,3121,20,90,4.5,"non-ads"
3123,3122,34,34,1,"non-ads"
3124,3123,12,98,8.1666,"non-ads"
3127,3126,154,231,1.5,"non-ads"
3128,3127,31,88,2.8387,"non-ads"
3129,3128,23,26,1.1304,"non-ads"
3132,3131,75,100,1.3333,"non-ads"
3134,3133,150,200,1.3333,"non-ads"
3136,3135,75,200,2.6666,"non-ads"
3138,3137,64,144,2.25,"non-ads"
3139,3138,40,120,3,"non-ads"
3140,3139,40,46,1.15,"non-ads"
3141,3140,25,100,4,"non-ads"
3143,3142,36,36,1,"non-ads"
3145,3144,25,120,4.8,"non-ads"
3147,3146,36,180,5,"non-ads"
3149,3148,32,37,1.1562,"non-ads"
3150,3149,75,95,1.2666,"non-ads"
3153,3152,173,150,0.867,"non-ads"
3155,3154,32,78,2.4375,"non-ads"
3156,3155,160,180,1.125,"non-ads"
3159,3158,11,94,8.5454,"non-ads"
3161,3160,160,180,1.125,"non-ads"
3162,3161,35,36,1.0285,"non-ads"
3163,3162,11,64,5.8181,"non-ads"
3164,3163,36,180,5,"non-ads"
3165,3164,25,100,4,"non-ads"
3166,3165,88,88,1,"non-ads"
3168,3167,23,26,1.1304,"non-ads"
3169,3168,16,16,1,"non-ads"
3170,3169,90,90,1,"non-ads"
3173,3172,64,250,3.9062,"non-ads"
3174,3173,102,179,1.7549,"non-ads"
3175,3174,64,144,2.25,"non-ads"
3178,3177,64,144,2.25,"non-ads"
3180,3179,32,33,1.0312,"non-ads"
3182,3181,115,115,1,"non-ads"
3183,3182,110,170,1.5454,"non-ads"
3184,3183,160,180,1.125,"non-ads"
3185,3184,183,159,0.8688,"non-ads"
3186,3185,109,110,1.0091,"non-ads"
3188,3187,147,206,1.4013,"non-ads"
3189,3188,94,222,2.3617,"non-ads"
3190,3189,16,16,1,"non-ads"
3191,3190,120,130,1.0833,"non-ads"
3192,3191,60,140,2.3333,"non-ads"
3193,3192,25,100,4,"non-ads"
3197,3196,160,180,1.125,"non-ads"
3198,3197,95,222,2.3368,"non-ads"
3199,3198,150,150,1,"non-ads"
3200,3199,34,105,3.0882,"non-ads"
3201,3200,128,178,1.3906,"non-ads"
3202,3201,184,153,0.8315,"non-ads"
3206,3205,60,140,2.3333,"non-ads"
3207,3206,140,180,1.2857,"non-ads"
3208,3207,154,213,1.3831,"non-ads"
3209,3208,20,90,4.5,"non-ads"
3212,3211,140,180,1.2857,"non-ads"
3214,3213,115,190,1.6521,"non-ads"
3215,3214,184,140,0.7608,"non-ads"
3216,3215,25,100,4,"non-ads"
3217,3216,40,40,1,"non-ads"
3218,3217,100,85,0.85,"non-ads"
3219,3218,60,120,2,"non-ads"
3220,3219,137,150,1.0948,"non-ads"
3224,3223,90,119,1.3222,"non-ads"
3227,3226,148,225,1.5202,"non-ads"
3228,3227,16,16,1,"non-ads"
3229,3228,25,100,4,"non-ads"
3232,3231,110,109,0.9909,"non-ads"
3235,3234,25,100,4,"non-ads"
3236,3235,16,16,1,"non-ads"
3237,3236,110,109,0.9909,"non-ads"
3238,3237,31,88,2.8387,"non-ads"
3240,3239,71,87,1.2253,"non-ads"
3241,3240,25,100,4,"non-ads"
3242,3241,146,158,1.0821,"non-ads"
3245,3244,136,150,1.1029,"non-ads"
3247,3246,12,101,8.4166,"non-ads"
3249,3248,40,100,2.5,"non-ads"
3252,3251,16,16,1,"non-ads"
3253,3252,24,75,3.125,"non-ads"
3255,3254,25,100,4,"non-ads"
3257,3256,55,175,3.1818,"non-ads"
3261,3260,11,64,5.8181,"non-ads"
3263,3262,150,200,1.3333,"non-ads"
3264,3263,16,16,1,"non-ads"
3265,3264,134,184,1.3731,"non-ads"
3266,3265,23,26,1.1304,"non-ads"
3267,3266,40,130,3.25,"non-ads"
3268,3267,158,192,1.2151,"non-ads"
3269,3268,25,100,4,"non-ads"
3273,3272,106,110,1.0377,"non-ads"
3274,3273,30,30,1,"non-ads"
3275,3274,170,94,0.5529,"non-ads"
3276,3275,101,140,1.3861,"non-ads"
3277,3276,23,120,5.2173,"non-ads"
3279,3278,40,40,1,"non-ads"
